Workbook

Sheet Base
A1: Data | B1: Motorista | C1: Cidade | D1: Peso(Kg) | E1: Frete(R$) | F1: Status | I1: Cidade | J1: Valor por Kg
A2: 46063 | B2: Roberto | C2: Barueri | D2: 400 | E2: =VLOOKUP(C2,Tabela1[],2,0)*D2 -> 40000 | F2: PENDENTE | I2: BARUERI | J2: 100
A3: 46061 | B3: Adão | C3: São Paulo | D3: 950 | E3: =VLOOKUP(C3,Tabela1[],2,0)*D3 -> 380000 | F3: DEVOLVIDO | I3: SÃO PAULO | J3: 400
A4: 46070 | B4: Roberto | C4: Barueri | D4: 1190 | E4: =VLOOKUP(C4,Tabela1[],2,0)*D4 -> 119000 | F4: PENDENTE | I4: JANDIRA | J4: 120
A5: 46063 | B5: Roberto | C5: Jandira | D5: 639 | E5: =VLOOKUP(C5,Tabela1[],2,0)*D5 -> 76680 | F5: ENTREGUE | I5: CAMPINAS | J5: 700
A6: 46037 | B6: Chaga | C6: Campinas | D6: 456 | E6: =VLOOKUP(C6,Tabela1[],2,0)*D6 -> 319200 | F6: DEVOLVIDO
A7: 46035 | B7: Adão | C7: São Paulo | D7: 1112 | E7: =VLOOKUP(C7,Tabela1[],2,0)*D7 -> 444800 | F7: PENDENTE | I7: Status | J7: Quantidade
A8: 46061 | B8: Erisvaldo | C8: São Paulo | D8: 869 | E8: =VLOOKUP(C8,Tabela1[],2,0)*D8 -> 347600 | F8: PENDENTE | I8: {=_xlfn.UNIQUE(Tabela2[Status],0,0)} -> PENDENTE | J8: =COUNTIF(Tabela2[Status],I8) -> 61
A9: 46105 | B9: Emanuel | C9: São Paulo | D9: 682 | E9: =VLOOKUP(C9,Tabela1[],2,0)*D9 -> 272800 | F9: PENDENTE | I9: DEVOLVIDO | J9: =COUNTIF(Tabela2[Status],I9) -> 52
A10: 46108 | B10: Chaga | C10: Campinas | D10: 848 | E10: =VLOOKUP(C10,Tabela1[],2,0)*D10 -> 593600 | F10: DEVOLVIDO | I10: ENTREGUE | J10: =COUNTIF(Tabela2[Status],I10) -> 61
A11: 46077 | B11: Julio | C11: Barueri | D11: 618 | E11: =VLOOKUP(C11,Tabela1[],2,0)*D11 -> 61800 | F11: PENDENTE
A12: 46061 | B12: Erisvaldo | C12: São Paulo | D12: 1027 | E12: =VLOOKUP(C12,Tabela1[],2,0)*D12 -> 410800 | F12: PENDENTE | I12: Cidade | J12: Receita | K12: % acumulada
A13: 46096 | B13: Chaga | C13: Campinas | D13: 1014 | E13: =VLOOKUP(C13,Tabela1[],2,0)*D13 -> 709800 | F13: DEVOLVIDO | I13: {=_xlfn.UNIQUE(Tabela2[Cidade],0,0)} -> Barueri | J13: =SUMIF(Tabela2[[#All],[Cidade]],I13,Tabela2[[#All],[Frete(R$)]]) -> 4444500
A14: 46093 | B14: Emanuel | C14: Barueri | D14: 421 | E14: =VLOOKUP(C14,Tabela1[],2,0)*D14 -> 42100 | F14: DEVOLVIDO | I14: São Paulo | J14: =SUMIF(Tabela2[[#All],[Cidade]],I14,Tabela2[[#All],[Frete(R$)]]) -> 14040800
A15: 46041 | B15: Roberto | C15: Campinas | D15: 1087 | E15: =VLOOKUP(C15,Tabela1[],2,0)*D15 -> 760900 | F15: ENTREGUE | I15: Jandira | J15: =SUMIF(Tabela2[[#All],[Cidade]],I15,Tabela2[[#All],[Frete(R$)]]) -> 3721920
A16: 46034 | B16: Chaga | C16: São Paulo | D16: 664 | E16: =VLOOKUP(C16,Tabela1[],2,0)*D16 -> 265600 | F16: PENDENTE | I16: Campinas | J16: =SUMIF(Tabela2[[#All],[Cidade]],I16,Tabela2[[#All],[Frete(R$)]]) -> 26530700
A17: 46088 | B17: Carlos | C17: São Paulo | D17: 539 | E17: =VLOOKUP(C17,Tabela1[],2,0)*D17 -> 215600 | F17: DEVOLVIDO
A18: 46108 | B18: Carlos | C18: São Paulo | D18: 593 | E18: =VLOOKUP(C18,Tabela1[],2,0)*D18 -> 237200 | F18: ENTREGUE
A19: 46051 | B19: Erisvaldo | C19: Jandira | D19: 1198 | E19: =VLOOKUP(C19,Tabela1[],2,0)*D19 -> 143760 | F19: PENDENTE
A20: 46049 | B20: Chaga | C20: Campinas | D20: 896 | E20: =VLOOKUP(C20,Tabela1[],2,0)*D20 -> 627200 | F20: PENDENTE
A21: 46110 | B21: Adão | C21: Campinas | D21: 446 | E21: =VLOOKUP(C21,Tabela1[],2,0)*D21 -> 312200 | F21: PENDENTE
A22: 46040 | B22: Emanuel | C22: São Paulo | D22: 1114 | E22: =VLOOKUP(C22,Tabela1[],2,0)*D22 -> 445600 | F22: ENTREGUE
A23: 46040 | B23: Emanuel | C23: São Paulo | D23: 1048 | E23: =VLOOKUP(C23,Tabela1[],2,0)*D23 -> 419200 | F23: DEVOLVIDO
A24: 46069 | B24: Emanuel | C24: Campinas | D24: 1114 | E24: =VLOOKUP(C24,Tabela1[],2,0)*D24 -> 779800 | F24: ENTREGUE
A25: 46087 | B25: Julio | C25: Campinas | D25: 1177 | E25: =VLOOKUP(C25,Tabela1[],2,0)*D25 -> 823900 | F25: DEVOLVIDO
A26: 46040 | B26: Emanuel | C26: São Paulo | D26: 850 | E26: =VLOOKUP(C26,Tabela1[],2,0)*D26 -> 340000 | F26: DEVOLVIDO
A27: 46087 | B27: Carlos | C27: Jandira | D27: 945 | E27: =VLOOKUP(C27,Tabela1[],2,0)*D27 -> 113400 | F27: DEVOLVIDO
A28: 46044 | B28: Roberto | C28: Jandira | D28: 1111 | E28: =VLOOKUP(C28,Tabela1[],2,0)*D28 -> 133320 | F28: PENDENTE
... A175: 46077 | B175: Julio | C175: Barueri | D175: 772 | E175: =VLOOKUP(C175,Tabela1[],2,0)*D175 -> 77200 | F175: PENDENTE

Sheet Resumo_Motorista
A1: Motorista | B1: Total de entregas | C1: Total de Frete(R$) | D1: Média de Peso(R$)
A2: {=_xlfn.UNIQUE(Base!B2:B175)} -> Roberto | B2: =COUNTIF(Base!B:B,A2) -> 22 | C2: =SUMIF(Base!B:B,A2,Base!E:E) -> 6579520 | D2: =AVERAGEIF(Base!B:B,A2,Base!D:D) -> 906.13636
A3: Adão | B3: =COUNTIF(Base!B:B,A3) -> 27 | C3: =SUMIF(Base!B:B,A3,Base!E:E) -> 7796360 | D3: =AVERAGEIF(Base!B:B,A3,Base!D:D) -> 841.44444
A4: Chaga | B4: =COUNTIF(Base!B:B,A4) -> 29 | C4: =SUMIF(Base!B:B,A4,Base!E:E) -> 7658140 | D4: =AVERAGEIF(Base!B:B,A4,Base!D:D) -> 847.27586
A5: Erisvaldo | B5: =COUNTIF(Base!B:B,A5) -> 23 | C5: =SUMIF(Base!B:B,A5,Base!E:E) -> 6091020 | D5: =AVERAGEIF(Base!B:B,A5,Base!D:D) -> 852.43478
A6: Emanuel | B6: =COUNTIF(Base!B:B,A6) -> 30 | C6: =SUMIF(Base!B:B,A6,Base!E:E) -> 7583600 | D6: =AVERAGEIF(Base!B:B,A6,Base!D:D) -> 863.33333
A7: Julio | B7: =COUNTIF(Base!B:B,A7) -> 18 | C7: =SUMIF(Base!B:B,A7,Base!E:E) -> 5933120 | D7: =AVERAGEIF(Base!B:B,A7,Base!D:D) -> 819.33333
A8: Carlos | B8: =COUNTIF(Base!B:B,A8) -> 25 | C8: =SUMIF(Base!B:B,A8,Base!E:E) -> 7096160 | D8: =AVERAGEIF(Base!B:B,A8,Base!D:D) -> 839.4

Sheet Dinâmica
A3: Rótulos de Linha | B3: Soma de Frete(R$)
A4: Campinas | B4: 26530700
A5: São Paulo | B5: 14040800
A6: Barueri | B6: 4444500
A7: Jandira | B7: 3721920
A8: Total Geral | B8: 48737920

Sheet Painel
A1: Cidade Campeã | B1: =INDEX(Base!C:C,MATCH(MAX(Base!E:E),Base!E:E,0)) -> Campinas
A2: Motorista Destaque | B2: {=INDEX(Base!B2:B1000,MATCH(MAX(COUNTIF(Base!B2:B1000,Base!B2:B1000)),(COUNTIF(Base!B2:B1000,Base!B2:B1000)),0))} -> Emanuel
A3: Maior Frete(R$) | B3: =MAX(Base!E2:E1000) -> 823900
A4: % de Entregas Concluídas | B4: =COUNTIF(Base!F2:F1000,"ENTREGUE")/COUNTA(Base!F2:F1000) -> 0.35057471

Sheet Dashboard
